{
  "v": "5.5.7",
  "fr": 60,
  "ip": 0,
  "op": 60,
  "w": 100,
  "h": 100,
  "nm": "Error",
  "ddd": 0,
  "assets": [],
  "layers": [
    {
      "ddd": 0,
      "ind": 1,
      "ty": 4,
      "nm": "X",
      "sr": 1,
      "ks": {
        "o": {
          "a": 1,
          "k": [
            { "i": { "x": [0.833], "y": [0.833] }, "o": { "x": [0.167], "y": [0.167] }, "t": 0, "s": [0] },
            { "t": 30, "s": [100] }
          ]
        },
        "r": { "a": 0, "k": 0 },
        "p": { "a": 0, "k": [50, 50, 0] },
        "a": { "a": 0, "k": [0, 0, 0] },
        "s": {
          "a": 1,
          "k": [
            { "i": { "x": [0.833, 0.833, 0.833], "y": [0.833, 0.833, 0.833] }, "o": { "x": [0.167, 0.167, 0.167], "y": [0.167, 0.167, 0.167] }, "t": 0, "s": [0, 0, 100] },
            { "t": 30, "s": [100, 100, 100] }
          ]
        }
      },
      "ao": 0,
      "shapes": [
        {
          "ty": "gr",
          "it": [
            {
              "ty": "el",
              "d": 1,
              "s": { "a": 0, "k": [60, 60] },
              "p": { "a": 0, "k": [0, 0] }
            },
            {
              "ty": "st",
              "c": { "a": 0, "k": [0.937, 0.267, 0.267, 1] },
              "o": { "a": 0, "k": 100 },
              "w": { "a": 0, "k": 4 },
              "lc": 2,
              "lj": 1
            },
            {
              "ty": "tr",
              "p": { "a": 0, "k": [0, 0] },
              "a": { "a": 0, "k": [0, 0] },
              "s": { "a": 0, "k": [100, 100] },
              "r": { "a": 0, "k": 0 },
              "o": { "a": 0, "k": 100 }
            }
          ]
        }
      ],
      "ip": 0,
      "op": 60,
      "st": 0,
      "bm": 0
    }
  ]
}
