{
  "v": "5.5.7",
  "fr": 60,
  "ip": 0,
  "op": 60,
  "w": 100,
  "h": 100,
  "nm": "Spark",
  "ddd": 0,
  "assets": [],
  "layers": [
    {
      "ddd": 0,
      "ind": 1,
      "ty": 4,
      "nm": "Star",
      "sr": 1,
      "ks": {
        "o": {
          "a": 1,
          "k": [
            { "i": { "x": [0.833], "y": [0.833] }, "o": { "x": [0.167], "y": [0.167] }, "t": 0, "s": [0] },
            { "i": { "x": [0.833], "y": [0.833] }, "o": { "x": [0.167], "y": [0.167] }, "t": 15, "s": [100] },
            { "i": { "x": [0.833], "y": [0.833] }, "o": { "x": [0.167], "y": [0.167] }, "t": 45, "s": [100] },
            { "t": 60, "s": [0] }
          ]
        },
        "r": {
          "a": 1,
          "k": [
            { "i": { "x": [0.833], "y": [0.833] }, "o": { "x": [0.167], "y": [0.167] }, "t": 0, "s": [0] },
            { "t": 60, "s": [360] }
          ]
        },
        "p": { "a": 0, "k": [50, 50, 0] },
        "a": { "a": 0, "k": [0, 0, 0] },
        "s": {
          "a": 1,
          "k": [
            { "i": { "x": [0.833, 0.833, 0.833], "y": [0.833, 0.833, 0.833] }, "o": { "x": [0.167, 0.167, 0.167], "y": [0.167, 0.167, 0.167] }, "t": 0, "s": [0, 0, 100] },
            { "i": { "x": [0.833, 0.833, 0.833], "y": [0.833, 0.833, 0.833] }, "o": { "x": [0.167, 0.167, 0.167], "y": [0.167, 0.167, 0.167] }, "t": 15, "s": [120, 120, 100] },
            { "i": { "x": [0.833, 0.833, 0.833], "y": [0.833, 0.833, 0.833] }, "o": { "x": [0.167, 0.167, 0.167], "y": [0.167, 0.167, 0.167] }, "t": 30, "s": [100, 100, 100] },
            { "t": 60, "s": [0, 0, 100] }
          ]
        }
      },
      "ao": 0,
      "shapes": [
        {
          "ty": "gr",
          "it": [
            {
              "ty": "sr",
              "sy": 1,
              "d": 1,
              "pt": { "a": 0, "k": 4 },
              "p": { "a": 0, "k": [0, 0] },
              "r": { "a": 0, "k": 0 },
              "or": { "a": 0, "k": 30 },
              "os": { "a": 0, "k": 0 },
              "ix": 1
            },
            {
              "ty": "fl",
              "c": { "a": 0, "k": [0.976, 0.451, 0.086, 1] },
              "o": { "a": 0, "k": 100 }
            },
            { "ty": "tr", "p": { "a": 0, "k": [0, 0] }, "a": { "a": 0, "k": [0, 0] }, "s": { "a": 0, "k": [100, 100] }, "r": { "a": 0, "k": 0 }, "o": { "a": 0, "k": 100 } }
          ]
        }
      ],
      "ip": 0,
      "op": 60,
      "st": 0,
      "bm": 0
    }
  ]
}
